INSERT INTO `ppn_news` (`id`, `fk_news_category_id`, `fk_user_id`, `title`, `slug`, `text`, `datetime_added`, `active`, `comments_enabled`, `fk_news_source_id`) VALUES(1, 1, 1, 'Naslov vesti 1', 'slug-vesti-1', '<p>\r\nLorem ipsum dolor sit amet, consectetur adipiscing elit. Nullam viverra, diam et tristique tempor, ligula metus consectetur elit, ac fermentum tortor nibh in dui. Donec sem mi, congue id fringilla eu, scelerisque in tellus. Fusce eget pellentesque massa. Proin id tortor vitae arcu aliquam auctor a eget dui. Cras non eros eget justo dapibus vestibulum. Vestibulum rutrum, sapien quis congue viverra, justo sapien auctor augue, sit amet sodales velit elit id ligula. Donec fringilla mi in nisi laoreet pellentesque. Ut pellentesque, diam quis lacinia ultrices, purus odio pretium dui, id elementum quam erat at ante. Aenean ultricies dignissim ipsum, eget mattis odio tincidunt at. Cras elementum arcu sit amet augue rhoncus vel mattis augue volutpat. Proin vehicula euismod magna.\r\n</p>\r\n<p>\r\nNunc consequat nibh sed nisl venenatis nec congue leo suscipit. Nulla facilisi. Cum sociis natoque penatibus et magnis dis parturient montes, nascetur ridiculus mus. Maecenas metus nisi, consequat vel ullamcorper et, fermentum et mi. Pellentesque accumsan nibh in augue consectetur volutpat. Phasellus porta ultricies ullamcorper. Etiam venenatis pharetra sem, in consectetur nisi lacinia sed. Fusce ut enim mi, accumsan ullamcorper sem. Fusce nibh lectus, aliquet in posuere id, adipiscing nec nisl. Pellentesque vestibulum ultricies porta.\r\n</p>\r\n<p>\r\nAenean pellentesque orci ante, at pretium quam. Integer consequat nulla vitae libero auctor convallis bibendum orci tincidunt. Nunc libero nibh, tincidunt a venenatis a, aliquam nec tortor. Ut a purus libero. Pellentesque quam augue, congue vel sollicitudin sed, eleifend ac dolor. Cras mauris libero, aliquam eu lacinia eu, condimentum eget nibh. Mauris arcu justo, scelerisque nec consectetur sagittis, hendrerit et sem. Ut velit massa, iaculis sed accumsan quis, tempus vel orci. Nam nec mi risus, ut pharetra nisl. Donec at sapien metus. Nulla facilisi. Suspendisse vehicula ante eget magna porta quis vulputate justo commodo. Duis non est nec arcu pretium pretium. Cum sociis natoque penatibus et magnis dis parturient montes, nascetur ridiculus mus. Vestibulum odio risus, fermentum nec accumsan ac, sodales quis lacus. Etiam tincidunt, eros at dignissim iaculis, magna dolor sodales orci, nec convallis libero turpis id justo.\r\n</p>', '2010-05-09 20:25:14', 1, 1, NULL);
INSERT INTO `ppn_news` (`id`, `fk_news_category_id`, `fk_user_id`, `title`, `slug`, `text`, `datetime_added`, `active`, `comments_enabled`, `fk_news_source_id`) VALUES(2, 2, 1, 'Naslov vesti 2', 'slug-vesti-2', '<p>\nLorem ipsum dolor sit amet, consectetur adipiscing elit. Nullam viverra, diam et tristique tempor, ligula metus consectetur elit, ac fermentum tortor nibh in dui. Donec sem mi, congue id fringilla eu, scelerisque in tellus. Fusce eget pellentesque massa. Proin id tortor vitae arcu aliquam auctor a eget dui. Cras non eros eget justo dapibus vestibulum. Vestibulum rutrum, sapien quis congue viverra, justo sapien auctor augue, sit amet sodales velit elit id ligula. Donec fringilla mi in nisi laoreet pellentesque. Ut pellentesque, diam quis lacinia ultrices, purus odio pretium dui, id elementum quam erat at ante. Aenean ultricies dignissim ipsum, eget mattis odio tincidunt at. Cras elementum arcu sit amet augue rhoncus vel mattis augue volutpat. Proin vehicula euismod magna.\n</p>\n<p>\nNunc consequat nibh sed nisl venenatis nec congue leo suscipit. Nulla facilisi. Cum sociis natoque penatibus et magnis dis parturient montes, nascetur ridiculus mus. Maecenas metus nisi, consequat vel ullamcorper et, fermentum et mi. Pellentesque accumsan nibh in augue consectetur volutpat. Phasellus porta ultricies ullamcorper. Etiam venenatis pharetra sem, in consectetur nisi lacinia sed. Fusce ut enim mi, accumsan ullamcorper sem. Fusce nibh lectus, aliquet in posuere id, adipiscing nec nisl. Pellentesque vestibulum ultricies porta.\n</p>\n<p>\nAenean pellentesque orci ante, at pretium quam. Integer consequat nulla vitae libero auctor convallis bibendum orci tincidunt. Nunc libero nibh, tincidunt a venenatis a, aliquam nec tortor. Ut a purus libero. Pellentesque quam augue, congue vel sollicitudin sed, eleifend ac dolor. Cras mauris libero, aliquam eu lacinia eu, condimentum eget nibh. Mauris arcu justo, scelerisque nec consectetur sagittis, hendrerit et sem. Ut velit massa, iaculis sed accumsan quis, tempus vel orci. Nam nec mi risus, ut pharetra nisl. Donec at sapien metus. Nulla facilisi. Suspendisse vehicula ante eget magna porta quis vulputate justo commodo. Duis non est nec arcu pretium pretium. Cum sociis natoque penatibus et magnis dis parturient montes, nascetur ridiculus mus. Vestibulum odio risus, fermentum nec accumsan ac, sodales quis lacus. Etiam tincidunt, eros at dignissim iaculis, magna dolor sodales orci, nec convallis libero turpis id justo.\n</p>', '2010-05-09 20:25:14', 1, 1, NULL);
INSERT INTO `ppn_news` (`id`, `fk_news_category_id`, `fk_user_id`, `title`, `slug`, `text`, `datetime_added`, `active`, `comments_enabled`, `fk_news_source_id`) VALUES(3, 3, 1, 'Naslov vesti 3', 'slug-vesti-3', '<p>\nLorem ipsum dolor sit amet, consectetur adipiscing elit. Nullam viverra, diam et tristique tempor, ligula metus consectetur elit, ac fermentum tortor nibh in dui. Donec sem mi, congue id fringilla eu, scelerisque in tellus. Fusce eget pellentesque massa. Proin id tortor vitae arcu aliquam auctor a eget dui. Cras non eros eget justo dapibus vestibulum. Vestibulum rutrum, sapien quis congue viverra, justo sapien auctor augue, sit amet sodales velit elit id ligula. Donec fringilla mi in nisi laoreet pellentesque. Ut pellentesque, diam quis lacinia ultrices, purus odio pretium dui, id elementum quam erat at ante. Aenean ultricies dignissim ipsum, eget mattis odio tincidunt at. Cras elementum arcu sit amet augue rhoncus vel mattis augue volutpat. Proin vehicula euismod magna.\n</p>\n<p>\nNunc consequat nibh sed nisl venenatis nec congue leo suscipit. Nulla facilisi. Cum sociis natoque penatibus et magnis dis parturient montes, nascetur ridiculus mus. Maecenas metus nisi, consequat vel ullamcorper et, fermentum et mi. Pellentesque accumsan nibh in augue consectetur volutpat. Phasellus porta ultricies ullamcorper. Etiam venenatis pharetra sem, in consectetur nisi lacinia sed. Fusce ut enim mi, accumsan ullamcorper sem. Fusce nibh lectus, aliquet in posuere id, adipiscing nec nisl. Pellentesque vestibulum ultricies porta.\n</p>\n<p>\nAenean pellentesque orci ante, at pretium quam. Integer consequat nulla vitae libero auctor convallis bibendum orci tincidunt. Nunc libero nibh, tincidunt a venenatis a, aliquam nec tortor. Ut a purus libero. Pellentesque quam augue, congue vel sollicitudin sed, eleifend ac dolor. Cras mauris libero, aliquam eu lacinia eu, condimentum eget nibh. Mauris arcu justo, scelerisque nec consectetur sagittis, hendrerit et sem. Ut velit massa, iaculis sed accumsan quis, tempus vel orci. Nam nec mi risus, ut pharetra nisl. Donec at sapien metus. Nulla facilisi. Suspendisse vehicula ante eget magna porta quis vulputate justo commodo. Duis non est nec arcu pretium pretium. Cum sociis natoque penatibus et magnis dis parturient montes, nascetur ridiculus mus. Vestibulum odio risus, fermentum nec accumsan ac, sodales quis lacus. Etiam tincidunt, eros at dignissim iaculis, magna dolor sodales orci, nec convallis libero turpis id justo.\n</p>', '2010-05-09 20:25:14', 1, 1, NULL);
INSERT INTO `ppn_news` (`id`, `fk_news_category_id`, `fk_user_id`, `title`, `slug`, `text`, `datetime_added`, `active`, `comments_enabled`, `fk_news_source_id`) VALUES(4, 4, 1, 'Naslov vesti 4', 'slug-vesti-4', '<p>\nLorem ipsum dolor sit amet, consectetur adipiscing elit. Nullam viverra, diam et tristique tempor, ligula metus consectetur elit, ac fermentum tortor nibh in dui. Donec sem mi, congue id fringilla eu, scelerisque in tellus. Fusce eget pellentesque massa. Proin id tortor vitae arcu aliquam auctor a eget dui. Cras non eros eget justo dapibus vestibulum. Vestibulum rutrum, sapien quis congue viverra, justo sapien auctor augue, sit amet sodales velit elit id ligula. Donec fringilla mi in nisi laoreet pellentesque. Ut pellentesque, diam quis lacinia ultrices, purus odio pretium dui, id elementum quam erat at ante. Aenean ultricies dignissim ipsum, eget mattis odio tincidunt at. Cras elementum arcu sit amet augue rhoncus vel mattis augue volutpat. Proin vehicula euismod magna.\n</p>\n<p>\nNunc consequat nibh sed nisl venenatis nec congue leo suscipit. Nulla facilisi. Cum sociis natoque penatibus et magnis dis parturient montes, nascetur ridiculus mus. Maecenas metus nisi, consequat vel ullamcorper et, fermentum et mi. Pellentesque accumsan nibh in augue consectetur volutpat. Phasellus porta ultricies ullamcorper. Etiam venenatis pharetra sem, in consectetur nisi lacinia sed. Fusce ut enim mi, accumsan ullamcorper sem. Fusce nibh lectus, aliquet in posuere id, adipiscing nec nisl. Pellentesque vestibulum ultricies porta.\n</p>\n<p>\nAenean pellentesque orci ante, at pretium quam. Integer consequat nulla vitae libero auctor convallis bibendum orci tincidunt. Nunc libero nibh, tincidunt a venenatis a, aliquam nec tortor. Ut a purus libero. Pellentesque quam augue, congue vel sollicitudin sed, eleifend ac dolor. Cras mauris libero, aliquam eu lacinia eu, condimentum eget nibh. Mauris arcu justo, scelerisque nec consectetur sagittis, hendrerit et sem. Ut velit massa, iaculis sed accumsan quis, tempus vel orci. Nam nec mi risus, ut pharetra nisl. Donec at sapien metus. Nulla facilisi. Suspendisse vehicula ante eget magna porta quis vulputate justo commodo. Duis non est nec arcu pretium pretium. Cum sociis natoque penatibus et magnis dis parturient montes, nascetur ridiculus mus. Vestibulum odio risus, fermentum nec accumsan ac, sodales quis lacus. Etiam tincidunt, eros at dignissim iaculis, magna dolor sodales orci, nec convallis libero turpis id justo.\n</p>', '2010-05-09 20:25:14', 1, 1, NULL);
INSERT INTO `ppn_news` (`id`, `fk_news_category_id`, `fk_user_id`, `title`, `slug`, `text`, `datetime_added`, `active`, `comments_enabled`, `fk_news_source_id`) VALUES(5, 1, 1, 'Naslov vesti 5', 'slug-vesti-5', '<p>\nLorem ipsum dolor sit amet, consectetur adipiscing elit. Nullam viverra, diam et tristique tempor, ligula metus consectetur elit, ac fermentum tortor nibh in dui. Donec sem mi, congue id fringilla eu, scelerisque in tellus. Fusce eget pellentesque massa. Proin id tortor vitae arcu aliquam auctor a eget dui. Cras non eros eget justo dapibus vestibulum. Vestibulum rutrum, sapien quis congue viverra, justo sapien auctor augue, sit amet sodales velit elit id ligula. Donec fringilla mi in nisi laoreet pellentesque. Ut pellentesque, diam quis lacinia ultrices, purus odio pretium dui, id elementum quam erat at ante. Aenean ultricies dignissim ipsum, eget mattis odio tincidunt at. Cras elementum arcu sit amet augue rhoncus vel mattis augue volutpat. Proin vehicula euismod magna.\n</p>\n<p>\nNunc consequat nibh sed nisl venenatis nec congue leo suscipit. Nulla facilisi. Cum sociis natoque penatibus et magnis dis parturient montes, nascetur ridiculus mus. Maecenas metus nisi, consequat vel ullamcorper et, fermentum et mi. Pellentesque accumsan nibh in augue consectetur volutpat. Phasellus porta ultricies ullamcorper. Etiam venenatis pharetra sem, in consectetur nisi lacinia sed. Fusce ut enim mi, accumsan ullamcorper sem. Fusce nibh lectus, aliquet in posuere id, adipiscing nec nisl. Pellentesque vestibulum ultricies porta.\n</p>\n<p>\nAenean pellentesque orci ante, at pretium quam. Integer consequat nulla vitae libero auctor convallis bibendum orci tincidunt. Nunc libero nibh, tincidunt a venenatis a, aliquam nec tortor. Ut a purus libero. Pellentesque quam augue, congue vel sollicitudin sed, eleifend ac dolor. Cras mauris libero, aliquam eu lacinia eu, condimentum eget nibh. Mauris arcu justo, scelerisque nec consectetur sagittis, hendrerit et sem. Ut velit massa, iaculis sed accumsan quis, tempus vel orci. Nam nec mi risus, ut pharetra nisl. Donec at sapien metus. Nulla facilisi. Suspendisse vehicula ante eget magna porta quis vulputate justo commodo. Duis non est nec arcu pretium pretium. Cum sociis natoque penatibus et magnis dis parturient montes, nascetur ridiculus mus. Vestibulum odio risus, fermentum nec accumsan ac, sodales quis lacus. Etiam tincidunt, eros at dignissim iaculis, magna dolor sodales orci, nec convallis libero turpis id justo.\n</p>', '2010-05-09 20:25:14', 1, 1, NULL);
INSERT INTO `ppn_news` (`id`, `fk_news_category_id`, `fk_user_id`, `title`, `slug`, `text`, `datetime_added`, `active`, `comments_enabled`, `fk_news_source_id`) VALUES(6, 2, 1, 'Naslov vesti 6', 'slug-vesti-6', '<p>\nLorem ipsum dolor sit amet, consectetur adipiscing elit. Nullam viverra, diam et tristique tempor, ligula metus consectetur elit, ac fermentum tortor nibh in dui. Donec sem mi, congue id fringilla eu, scelerisque in tellus. Fusce eget pellentesque massa. Proin id tortor vitae arcu aliquam auctor a eget dui. Cras non eros eget justo dapibus vestibulum. Vestibulum rutrum, sapien quis congue viverra, justo sapien auctor augue, sit amet sodales velit elit id ligula. Donec fringilla mi in nisi laoreet pellentesque. Ut pellentesque, diam quis lacinia ultrices, purus odio pretium dui, id elementum quam erat at ante. Aenean ultricies dignissim ipsum, eget mattis odio tincidunt at. Cras elementum arcu sit amet augue rhoncus vel mattis augue volutpat. Proin vehicula euismod magna.\n</p>\n<p>\nNunc consequat nibh sed nisl venenatis nec congue leo suscipit. Nulla facilisi. Cum sociis natoque penatibus et magnis dis parturient montes, nascetur ridiculus mus. Maecenas metus nisi, consequat vel ullamcorper et, fermentum et mi. Pellentesque accumsan nibh in augue consectetur volutpat. Phasellus porta ultricies ullamcorper. Etiam venenatis pharetra sem, in consectetur nisi lacinia sed. Fusce ut enim mi, accumsan ullamcorper sem. Fusce nibh lectus, aliquet in posuere id, adipiscing nec nisl. Pellentesque vestibulum ultricies porta.\n</p>\n<p>\nAenean pellentesque orci ante, at pretium quam. Integer consequat nulla vitae libero auctor convallis bibendum orci tincidunt. Nunc libero nibh, tincidunt a venenatis a, aliquam nec tortor. Ut a purus libero. Pellentesque quam augue, congue vel sollicitudin sed, eleifend ac dolor. Cras mauris libero, aliquam eu lacinia eu, condimentum eget nibh. Mauris arcu justo, scelerisque nec consectetur sagittis, hendrerit et sem. Ut velit massa, iaculis sed accumsan quis, tempus vel orci. Nam nec mi risus, ut pharetra nisl. Donec at sapien metus. Nulla facilisi. Suspendisse vehicula ante eget magna porta quis vulputate justo commodo. Duis non est nec arcu pretium pretium. Cum sociis natoque penatibus et magnis dis parturient montes, nascetur ridiculus mus. Vestibulum odio risus, fermentum nec accumsan ac, sodales quis lacus. Etiam tincidunt, eros at dignissim iaculis, magna dolor sodales orci, nec convallis libero turpis id justo.\n</p>', '2010-05-09 20:25:14', 1, 1, NULL);
INSERT INTO `ppn_news` (`id`, `fk_news_category_id`, `fk_user_id`, `title`, `slug`, `text`, `datetime_added`, `active`, `comments_enabled`, `fk_news_source_id`) VALUES(7, 3, 1, 'Naslov vesti 7', 'slug-vesti-7', '<p>\nLorem ipsum dolor sit amet, consectetur adipiscing elit. Nullam viverra, diam et tristique tempor, ligula metus consectetur elit, ac fermentum tortor nibh in dui. Donec sem mi, congue id fringilla eu, scelerisque in tellus. Fusce eget pellentesque massa. Proin id tortor vitae arcu aliquam auctor a eget dui. Cras non eros eget justo dapibus vestibulum. Vestibulum rutrum, sapien quis congue viverra, justo sapien auctor augue, sit amet sodales velit elit id ligula. Donec fringilla mi in nisi laoreet pellentesque. Ut pellentesque, diam quis lacinia ultrices, purus odio pretium dui, id elementum quam erat at ante. Aenean ultricies dignissim ipsum, eget mattis odio tincidunt at. Cras elementum arcu sit amet augue rhoncus vel mattis augue volutpat. Proin vehicula euismod magna.\n</p>\n<p>\nNunc consequat nibh sed nisl venenatis nec congue leo suscipit. Nulla facilisi. Cum sociis natoque penatibus et magnis dis parturient montes, nascetur ridiculus mus. Maecenas metus nisi, consequat vel ullamcorper et, fermentum et mi. Pellentesque accumsan nibh in augue consectetur volutpat. Phasellus porta ultricies ullamcorper. Etiam venenatis pharetra sem, in consectetur nisi lacinia sed. Fusce ut enim mi, accumsan ullamcorper sem. Fusce nibh lectus, aliquet in posuere id, adipiscing nec nisl. Pellentesque vestibulum ultricies porta.\n</p>\n<p>\nAenean pellentesque orci ante, at pretium quam. Integer consequat nulla vitae libero auctor convallis bibendum orci tincidunt. Nunc libero nibh, tincidunt a venenatis a, aliquam nec tortor. Ut a purus libero. Pellentesque quam augue, congue vel sollicitudin sed, eleifend ac dolor. Cras mauris libero, aliquam eu lacinia eu, condimentum eget nibh. Mauris arcu justo, scelerisque nec consectetur sagittis, hendrerit et sem. Ut velit massa, iaculis sed accumsan quis, tempus vel orci. Nam nec mi risus, ut pharetra nisl. Donec at sapien metus. Nulla facilisi. Suspendisse vehicula ante eget magna porta quis vulputate justo commodo. Duis non est nec arcu pretium pretium. Cum sociis natoque penatibus et magnis dis parturient montes, nascetur ridiculus mus. Vestibulum odio risus, fermentum nec accumsan ac, sodales quis lacus. Etiam tincidunt, eros at dignissim iaculis, magna dolor sodales orci, nec convallis libero turpis id justo.\n</p>', '2010-05-09 20:25:14', 1, 1, NULL);
INSERT INTO `ppn_news` (`id`, `fk_news_category_id`, `fk_user_id`, `title`, `slug`, `text`, `datetime_added`, `active`, `comments_enabled`, `fk_news_source_id`) VALUES(8, 4, 1, 'Naslov vesti 8', 'slug-vesti-8', '<p>\nLorem ipsum dolor sit amet, consectetur adipiscing elit. Nullam viverra, diam et tristique tempor, ligula metus consectetur elit, ac fermentum tortor nibh in dui. Donec sem mi, congue id fringilla eu, scelerisque in tellus. Fusce eget pellentesque massa. Proin id tortor vitae arcu aliquam auctor a eget dui. Cras non eros eget justo dapibus vestibulum. Vestibulum rutrum, sapien quis congue viverra, justo sapien auctor augue, sit amet sodales velit elit id ligula. Donec fringilla mi in nisi laoreet pellentesque. Ut pellentesque, diam quis lacinia ultrices, purus odio pretium dui, id elementum quam erat at ante. Aenean ultricies dignissim ipsum, eget mattis odio tincidunt at. Cras elementum arcu sit amet augue rhoncus vel mattis augue volutpat. Proin vehicula euismod magna.\n</p>\n<p>\nNunc consequat nibh sed nisl venenatis nec congue leo suscipit. Nulla facilisi. Cum sociis natoque penatibus et magnis dis parturient montes, nascetur ridiculus mus. Maecenas metus nisi, consequat vel ullamcorper et, fermentum et mi. Pellentesque accumsan nibh in augue consectetur volutpat. Phasellus porta ultricies ullamcorper. Etiam venenatis pharetra sem, in consectetur nisi lacinia sed. Fusce ut enim mi, accumsan ullamcorper sem. Fusce nibh lectus, aliquet in posuere id, adipiscing nec nisl. Pellentesque vestibulum ultricies porta.\n</p>\n<p>\nAenean pellentesque orci ante, at pretium quam. Integer consequat nulla vitae libero auctor convallis bibendum orci tincidunt. Nunc libero nibh, tincidunt a venenatis a, aliquam nec tortor. Ut a purus libero. Pellentesque quam augue, congue vel sollicitudin sed, eleifend ac dolor. Cras mauris libero, aliquam eu lacinia eu, condimentum eget nibh. Mauris arcu justo, scelerisque nec consectetur sagittis, hendrerit et sem. Ut velit massa, iaculis sed accumsan quis, tempus vel orci. Nam nec mi risus, ut pharetra nisl. Donec at sapien metus. Nulla facilisi. Suspendisse vehicula ante eget magna porta quis vulputate justo commodo. Duis non est nec arcu pretium pretium. Cum sociis natoque penatibus et magnis dis parturient montes, nascetur ridiculus mus. Vestibulum odio risus, fermentum nec accumsan ac, sodales quis lacus. Etiam tincidunt, eros at dignissim iaculis, magna dolor sodales orci, nec convallis libero turpis id justo.\n</p>', '2010-05-09 20:25:14', 1, 1, NULL);
INSERT INTO `ppn_news` (`id`, `fk_news_category_id`, `fk_user_id`, `title`, `slug`, `text`, `datetime_added`, `active`, `comments_enabled`, `fk_news_source_id`) VALUES(9, 1, 1, 'Naslov vesti 9', 'slug-vesti-9', '<p>\nLorem ipsum dolor sit amet, consectetur adipiscing elit. Nullam viverra, diam et tristique tempor, ligula metus consectetur elit, ac fermentum tortor nibh in dui. Donec sem mi, congue id fringilla eu, scelerisque in tellus. Fusce eget pellentesque massa. Proin id tortor vitae arcu aliquam auctor a eget dui. Cras non eros eget justo dapibus vestibulum. Vestibulum rutrum, sapien quis congue viverra, justo sapien auctor augue, sit amet sodales velit elit id ligula. Donec fringilla mi in nisi laoreet pellentesque. Ut pellentesque, diam quis lacinia ultrices, purus odio pretium dui, id elementum quam erat at ante. Aenean ultricies dignissim ipsum, eget mattis odio tincidunt at. Cras elementum arcu sit amet augue rhoncus vel mattis augue volutpat. Proin vehicula euismod magna.\n</p>\n<p>\nNunc consequat nibh sed nisl venenatis nec congue leo suscipit. Nulla facilisi. Cum sociis natoque penatibus et magnis dis parturient montes, nascetur ridiculus mus. Maecenas metus nisi, consequat vel ullamcorper et, fermentum et mi. Pellentesque accumsan nibh in augue consectetur volutpat. Phasellus porta ultricies ullamcorper. Etiam venenatis pharetra sem, in consectetur nisi lacinia sed. Fusce ut enim mi, accumsan ullamcorper sem. Fusce nibh lectus, aliquet in posuere id, adipiscing nec nisl. Pellentesque vestibulum ultricies porta.\n</p>\n<p>\nAenean pellentesque orci ante, at pretium quam. Integer consequat nulla vitae libero auctor convallis bibendum orci tincidunt. Nunc libero nibh, tincidunt a venenatis a, aliquam nec tortor. Ut a purus libero. Pellentesque quam augue, congue vel sollicitudin sed, eleifend ac dolor. Cras mauris libero, aliquam eu lacinia eu, condimentum eget nibh. Mauris arcu justo, scelerisque nec consectetur sagittis, hendrerit et sem. Ut velit massa, iaculis sed accumsan quis, tempus vel orci. Nam nec mi risus, ut pharetra nisl. Donec at sapien metus. Nulla facilisi. Suspendisse vehicula ante eget magna porta quis vulputate justo commodo. Duis non est nec arcu pretium pretium. Cum sociis natoque penatibus et magnis dis parturient montes, nascetur ridiculus mus. Vestibulum odio risus, fermentum nec accumsan ac, sodales quis lacus. Etiam tincidunt, eros at dignissim iaculis, magna dolor sodales orci, nec convallis libero turpis id justo.\n</p>', '2010-05-09 20:25:14', 1, 1, NULL);
INSERT INTO `ppn_news` (`id`, `fk_news_category_id`, `fk_user_id`, `title`, `slug`, `text`, `datetime_added`, `active`, `comments_enabled`, `fk_news_source_id`) VALUES(10, 2, 1, 'Naslov vesti 10', 'slug-vesti-10', '<p>\nLorem ipsum dolor sit amet, consectetur adipiscing elit. Nullam viverra, diam et tristique tempor, ligula metus consectetur elit, ac fermentum tortor nibh in dui. Donec sem mi, congue id fringilla eu, scelerisque in tellus. Fusce eget pellentesque massa. Proin id tortor vitae arcu aliquam auctor a eget dui. Cras non eros eget justo dapibus vestibulum. Vestibulum rutrum, sapien quis congue viverra, justo sapien auctor augue, sit amet sodales velit elit id ligula. Donec fringilla mi in nisi laoreet pellentesque. Ut pellentesque, diam quis lacinia ultrices, purus odio pretium dui, id elementum quam erat at ante. Aenean ultricies dignissim ipsum, eget mattis odio tincidunt at. Cras elementum arcu sit amet augue rhoncus vel mattis augue volutpat. Proin vehicula euismod magna.\n</p>\n<p>\nNunc consequat nibh sed nisl venenatis nec congue leo suscipit. Nulla facilisi. Cum sociis natoque penatibus et magnis dis parturient montes, nascetur ridiculus mus. Maecenas metus nisi, consequat vel ullamcorper et, fermentum et mi. Pellentesque accumsan nibh in augue consectetur volutpat. Phasellus porta ultricies ullamcorper. Etiam venenatis pharetra sem, in consectetur nisi lacinia sed. Fusce ut enim mi, accumsan ullamcorper sem. Fusce nibh lectus, aliquet in posuere id, adipiscing nec nisl. Pellentesque vestibulum ultricies porta.\n</p>\n<p>\nAenean pellentesque orci ante, at pretium quam. Integer consequat nulla vitae libero auctor convallis bibendum orci tincidunt. Nunc libero nibh, tincidunt a venenatis a, aliquam nec tortor. Ut a purus libero. Pellentesque quam augue, congue vel sollicitudin sed, eleifend ac dolor. Cras mauris libero, aliquam eu lacinia eu, condimentum eget nibh. Mauris arcu justo, scelerisque nec consectetur sagittis, hendrerit et sem. Ut velit massa, iaculis sed accumsan quis, tempus vel orci. Nam nec mi risus, ut pharetra nisl. Donec at sapien metus. Nulla facilisi. Suspendisse vehicula ante eget magna porta quis vulputate justo commodo. Duis non est nec arcu pretium pretium. Cum sociis natoque penatibus et magnis dis parturient montes, nascetur ridiculus mus. Vestibulum odio risus, fermentum nec accumsan ac, sodales quis lacus. Etiam tincidunt, eros at dignissim iaculis, magna dolor sodales orci, nec convallis libero turpis id justo.\n</p>', '2010-05-09 20:25:14', 1, 1, NULL);
INSERT INTO `ppn_news` (`id`, `fk_news_category_id`, `fk_user_id`, `title`, `slug`, `text`, `datetime_added`, `active`, `comments_enabled`, `fk_news_source_id`) VALUES(11, 3, 1, 'Naslov vesti 11', 'slug-vesti-11', '<p>\nLorem ipsum dolor sit amet, consectetur adipiscing elit. Nullam viverra, diam et tristique tempor, ligula metus consectetur elit, ac fermentum tortor nibh in dui. Donec sem mi, congue id fringilla eu, scelerisque in tellus. Fusce eget pellentesque massa. Proin id tortor vitae arcu aliquam auctor a eget dui. Cras non eros eget justo dapibus vestibulum. Vestibulum rutrum, sapien quis congue viverra, justo sapien auctor augue, sit amet sodales velit elit id ligula. Donec fringilla mi in nisi laoreet pellentesque. Ut pellentesque, diam quis lacinia ultrices, purus odio pretium dui, id elementum quam erat at ante. Aenean ultricies dignissim ipsum, eget mattis odio tincidunt at. Cras elementum arcu sit amet augue rhoncus vel mattis augue volutpat. Proin vehicula euismod magna.\n</p>\n<p>\nNunc consequat nibh sed nisl venenatis nec congue leo suscipit. Nulla facilisi. Cum sociis natoque penatibus et magnis dis parturient montes, nascetur ridiculus mus. Maecenas metus nisi, consequat vel ullamcorper et, fermentum et mi. Pellentesque accumsan nibh in augue consectetur volutpat. Phasellus porta ultricies ullamcorper. Etiam venenatis pharetra sem, in consectetur nisi lacinia sed. Fusce ut enim mi, accumsan ullamcorper sem. Fusce nibh lectus, aliquet in posuere id, adipiscing nec nisl. Pellentesque vestibulum ultricies porta.\n</p>\n<p>\nAenean pellentesque orci ante, at pretium quam. Integer consequat nulla vitae libero auctor convallis bibendum orci tincidunt. Nunc libero nibh, tincidunt a venenatis a, aliquam nec tortor. Ut a purus libero. Pellentesque quam augue, congue vel sollicitudin sed, eleifend ac dolor. Cras mauris libero, aliquam eu lacinia eu, condimentum eget nibh. Mauris arcu justo, scelerisque nec consectetur sagittis, hendrerit et sem. Ut velit massa, iaculis sed accumsan quis, tempus vel orci. Nam nec mi risus, ut pharetra nisl. Donec at sapien metus. Nulla facilisi. Suspendisse vehicula ante eget magna porta quis vulputate justo commodo. Duis non est nec arcu pretium pretium. Cum sociis natoque penatibus et magnis dis parturient montes, nascetur ridiculus mus. Vestibulum odio risus, fermentum nec accumsan ac, sodales quis lacus. Etiam tincidunt, eros at dignissim iaculis, magna dolor sodales orci, nec convallis libero turpis id justo.\n</p>', '2010-05-09 20:25:14', 1, 1, NULL);
INSERT INTO `ppn_news` (`id`, `fk_news_category_id`, `fk_user_id`, `title`, `slug`, `text`, `datetime_added`, `active`, `comments_enabled`, `fk_news_source_id`) VALUES(12, 4, 1, 'Naslov vesti 12', 'slug-vesti-12', '<p>\nLorem ipsum dolor sit amet, consectetur adipiscing elit. Nullam viverra, diam et tristique tempor, ligula metus consectetur elit, ac fermentum tortor nibh in dui. Donec sem mi, congue id fringilla eu, scelerisque in tellus. Fusce eget pellentesque massa. Proin id tortor vitae arcu aliquam auctor a eget dui. Cras non eros eget justo dapibus vestibulum. Vestibulum rutrum, sapien quis congue viverra, justo sapien auctor augue, sit amet sodales velit elit id ligula. Donec fringilla mi in nisi laoreet pellentesque. Ut pellentesque, diam quis lacinia ultrices, purus odio pretium dui, id elementum quam erat at ante. Aenean ultricies dignissim ipsum, eget mattis odio tincidunt at. Cras elementum arcu sit amet augue rhoncus vel mattis augue volutpat. Proin vehicula euismod magna.\n</p>\n<p>\nNunc consequat nibh sed nisl venenatis nec congue leo suscipit. Nulla facilisi. Cum sociis natoque penatibus et magnis dis parturient montes, nascetur ridiculus mus. Maecenas metus nisi, consequat vel ullamcorper et, fermentum et mi. Pellentesque accumsan nibh in augue consectetur volutpat. Phasellus porta ultricies ullamcorper. Etiam venenatis pharetra sem, in consectetur nisi lacinia sed. Fusce ut enim mi, accumsan ullamcorper sem. Fusce nibh lectus, aliquet in posuere id, adipiscing nec nisl. Pellentesque vestibulum ultricies porta.\n</p>\n<p>\nAenean pellentesque orci ante, at pretium quam. Integer consequat nulla vitae libero auctor convallis bibendum orci tincidunt. Nunc libero nibh, tincidunt a venenatis a, aliquam nec tortor. Ut a purus libero. Pellentesque quam augue, congue vel sollicitudin sed, eleifend ac dolor. Cras mauris libero, aliquam eu lacinia eu, condimentum eget nibh. Mauris arcu justo, scelerisque nec consectetur sagittis, hendrerit et sem. Ut velit massa, iaculis sed accumsan quis, tempus vel orci. Nam nec mi risus, ut pharetra nisl. Donec at sapien metus. Nulla facilisi. Suspendisse vehicula ante eget magna porta quis vulputate justo commodo. Duis non est nec arcu pretium pretium. Cum sociis natoque penatibus et magnis dis parturient montes, nascetur ridiculus mus. Vestibulum odio risus, fermentum nec accumsan ac, sodales quis lacus. Etiam tincidunt, eros at dignissim iaculis, magna dolor sodales orci, nec convallis libero turpis id justo.\n</p>', '2010-05-09 20:25:14', 1, 1, NULL);

INSERT INTO `ppn_news_categories` (`id`, `title`, `slug`) VALUES(1, 'Vesti', 'vesti');
INSERT INTO `ppn_news_categories` (`id`, `title`, `slug`) VALUES(2, 'Alati', 'alati');
INSERT INTO `ppn_news_categories` (`id`, `title`, `slug`) VALUES(3, 'Blogovi', 'blogovi');
INSERT INTO `ppn_news_categories` (`id`, `title`, `slug`) VALUES(4, 'Programi', 'programi');

INSERT INTO `ppn_news_tags` (`id`, `title`, `slug`) VALUES(1, 'Tag 1', 'tag-1');
INSERT INTO `ppn_news_tags` (`id`, `title`, `slug`) VALUES(2, 'Tag 2', 'tag-2');
INSERT INTO `ppn_news_tags` (`id`, `title`, `slug`) VALUES(3, 'Tag 3', 'tag-3');
INSERT INTO `ppn_news_tags` (`id`, `title`, `slug`) VALUES(4, 'Tag 4', 'tag-4');
INSERT INTO `ppn_news_tags` (`id`, `title`, `slug`) VALUES(5, 'Tag 5', 'tag-5');
INSERT INTO `ppn_news_tags` (`id`, `title`, `slug`) VALUES(6, 'Tag 6', 'tag-6');
INSERT INTO `ppn_news_tags` (`id`, `title`, `slug`) VALUES(7, 'Tag 7', 'tag-7');
INSERT INTO `ppn_news_tags` (`id`, `title`, `slug`) VALUES(8, 'Tag 8', 'tag-8');
INSERT INTO `ppn_news_tags` (`id`, `title`, `slug`) VALUES(9, 'Tag 9', 'tag-9');
INSERT INTO `ppn_news_tags` (`id`, `title`, `slug`) VALUES(10, 'Tag 10', 'tag-10');
INSERT INTO `ppn_news_tags` (`id`, `title`, `slug`) VALUES(11, 'Tag 11', 'tag-11');
INSERT INTO `ppn_news_tags` (`id`, `title`, `slug`) VALUES(12, 'Tag 12', 'tag-12');

--
-- Dumping data for table `ppn_news_tags_relations`
--

INSERT INTO `ppn_news_tags_relations` (`id`, `fk_news_id`, `fk_news_tag_id`) VALUES(1, 1, 1);
INSERT INTO `ppn_news_tags_relations` (`id`, `fk_news_id`, `fk_news_tag_id`) VALUES(2, 2, 2);
INSERT INTO `ppn_news_tags_relations` (`id`, `fk_news_id`, `fk_news_tag_id`) VALUES(3, 3, 3);
INSERT INTO `ppn_news_tags_relations` (`id`, `fk_news_id`, `fk_news_tag_id`) VALUES(4, 4, 4);
INSERT INTO `ppn_news_tags_relations` (`id`, `fk_news_id`, `fk_news_tag_id`) VALUES(5, 5, 5);
INSERT INTO `ppn_news_tags_relations` (`id`, `fk_news_id`, `fk_news_tag_id`) VALUES(6, 6, 6);
INSERT INTO `ppn_news_tags_relations` (`id`, `fk_news_id`, `fk_news_tag_id`) VALUES(7, 7, 7);
INSERT INTO `ppn_news_tags_relations` (`id`, `fk_news_id`, `fk_news_tag_id`) VALUES(8, 8, 8);
INSERT INTO `ppn_news_tags_relations` (`id`, `fk_news_id`, `fk_news_tag_id`) VALUES(9, 9, 9);
INSERT INTO `ppn_news_tags_relations` (`id`, `fk_news_id`, `fk_news_tag_id`) VALUES(10, 10, 10);
INSERT INTO `ppn_news_tags_relations` (`id`, `fk_news_id`, `fk_news_tag_id`) VALUES(11, 11, 11);
INSERT INTO `ppn_news_tags_relations` (`id`, `fk_news_id`, `fk_news_tag_id`) VALUES(12, 12, 12);

INSERT INTO `ppn_users` (`id`, `email`, `password`, `firstname`, `lastname`, `datetime_added`, `role`, `active`) VALUES(1, 'admin@phpplaneta.net', '5f4dcc3b5aa765d61d8327deb882cf99', 'Admin', 'Admin', '2010-05-09 20:08:36', 'administrator', 1);